Classification_Model,Parameters,auc,time
KNN,"KNeighborsClassifier(algorithm='ball_tree', leaf_size=30, metric='minkowski',
           metric_params=None, n_neighbors=1, p=2, weights='uniform')",0.577299720354,27.01976180076599
KNN,"KNeighborsClassifier(algorithm='ball_tree', leaf_size=30, metric='minkowski',
           metric_params=None, n_neighbors=1, p=2, weights='distance')",0.577299720354,58.58546304702759
KNN,"KNeighborsClassifier(algorithm='ball_tree', leaf_size=30, metric='minkowski',
           metric_params=None, n_neighbors=5, p=2, weights='uniform')",0.670685451126,89.49516868591309
KNN,"KNeighborsClassifier(algorithm='ball_tree', leaf_size=30, metric='minkowski',
           metric_params=None, n_neighbors=5, p=2, weights='distance')",0.671899083326,122.98461246490479
KNN,"KNeighborsClassifier(algorithm='ball_tree', leaf_size=30, metric='minkowski',
           metric_params=None, n_neighbors=10, p=2, weights='uniform')",0.70604637732,154.1836383342743
KNN,"KNeighborsClassifier(algorithm='ball_tree', leaf_size=30, metric='minkowski',
           metric_params=None, n_neighbors=10, p=2, weights='distance')",0.708294261635,185.70903968811035
KNN,"KNeighborsClassifier(algorithm='ball_tree', leaf_size=30, metric='minkowski',
           metric_params=None, n_neighbors=25, p=2, weights='uniform')",0.74711868277,216.74096584320068
KNN,"KNeighborsClassifier(algorithm='ball_tree', leaf_size=30, metric='minkowski',
           metric_params=None, n_neighbors=25, p=2, weights='distance')",0.750128409388,246.1741898059845
RF,"RandomForestClassifier(bootstrap=True, class_weight=None, criterion='gini',
            max_depth=1, max_features='sqrt', max_leaf_nodes=None,
            min_samples_leaf=1, min_samples_split=2,
            min_weight_fraction_leaf=0.0, n_estimators=1, n_jobs=-1,
            oob_score=False, random_state=None, verbose=0,
            warm_start=False)",0.619597029569,0.15552163124084473
RF,"RandomForestClassifier(bootstrap=True, class_weight=None, criterion='gini',
            max_depth=1, max_features='sqrt', max_leaf_nodes=None,
            min_samples_leaf=1, min_samples_split=2,
            min_weight_fraction_leaf=0.0, n_estimators=10, n_jobs=-1,
            oob_score=False, random_state=None, verbose=0,
            warm_start=False)",0.801768426237,0.38004517555236816
RF,"RandomForestClassifier(bootstrap=True, class_weight=None, criterion='gini',
            max_depth=1, max_features='sqrt', max_leaf_nodes=None,
            min_samples_leaf=1, min_samples_split=2,
            min_weight_fraction_leaf=0.0, n_estimators=100, n_jobs=-1,
            oob_score=False, random_state=None, verbose=0,
            warm_start=False)",0.829337685938,1.1642110347747803
RF,"RandomForestClassifier(bootstrap=True, class_weight=None, criterion='gini',
            max_depth=1, max_features='sqrt', max_leaf_nodes=None,
            min_samples_leaf=1, min_samples_split=5,
            min_weight_fraction_leaf=0.0, n_estimators=1, n_jobs=-1,
            oob_score=False, random_state=None, verbose=0,
            warm_start=False)",0.654297135674,1.2852809429168701
RF,"RandomForestClassifier(bootstrap=True, class_weight=None, criterion='gini',
            max_depth=1, max_features='sqrt', max_leaf_nodes=None,
            min_samples_leaf=1, min_samples_split=5,
            min_weight_fraction_leaf=0.0, n_estimators=10, n_jobs=-1,
            oob_score=False, random_state=None, verbose=0,
            warm_start=False)",0.826330725612,1.5069749355316162
RF,"RandomForestClassifier(bootstrap=True, class_weight=None, criterion='gini',
            max_depth=1, max_features='sqrt', max_leaf_nodes=None,
            min_samples_leaf=1, min_samples_split=5,
            min_weight_fraction_leaf=0.0, n_estimators=100, n_jobs=-1,
            oob_score=False, random_state=None, verbose=0,
            warm_start=False)",0.829974458538,2.2866976261138916
RF,"RandomForestClassifier(bootstrap=True, class_weight=None, criterion='gini',
            max_depth=1, max_features='sqrt', max_leaf_nodes=None,
            min_samples_leaf=1, min_samples_split=10,
            min_weight_fraction_leaf=0.0, n_estimators=1, n_jobs=-1,
            oob_score=False, random_state=None, verbose=0,
            warm_start=False)",0.654297135674,2.4046943187713623
RF,"RandomForestClassifier(bootstrap=True, class_weight=None, criterion='gini',
            max_depth=1, max_features='sqrt', max_leaf_nodes=None,
            min_samples_leaf=1, min_samples_split=10,
            min_weight_fraction_leaf=0.0, n_estimators=10, n_jobs=-1,
            oob_score=False, random_state=None, verbose=0,
            warm_start=False)",0.823539072162,2.6273691654205322
RF,"RandomForestClassifier(bootstrap=True, class_weight=None, criterion='gini',
            max_depth=1, max_features='sqrt', max_leaf_nodes=None,
            min_samples_leaf=1, min_samples_split=10,
            min_weight_fraction_leaf=0.0, n_estimators=100, n_jobs=-1,
            oob_score=False, random_state=None, verbose=0,
            warm_start=False)",0.829811623686,3.405606746673584
RF,"RandomForestClassifier(bootstrap=True, class_weight=None, criterion='gini',
            max_depth=1, max_features='log2', max_leaf_nodes=None,
            min_samples_leaf=1, min_samples_split=2,
            min_weight_fraction_leaf=0.0, n_estimators=1, n_jobs=-1,
            oob_score=False, random_state=None, verbose=0,
            warm_start=False)",0.654297135674,3.5219829082489014
RF,"RandomForestClassifier(bootstrap=True, class_weight=None, criterion='gini',
            max_depth=1, max_features='log2', max_leaf_nodes=None,
            min_samples_leaf=1, min_samples_split=2,
            min_weight_fraction_leaf=0.0, n_estimators=10, n_jobs=-1,
            oob_score=False, random_state=None, verbose=0,
            warm_start=False)",0.824159763497,3.750361442565918
RF,"RandomForestClassifier(bootstrap=True, class_weight=None, criterion='gini',
            max_depth=1, max_features='log2', max_leaf_nodes=None,
            min_samples_leaf=1, min_samples_split=2,
            min_weight_fraction_leaf=0.0, n_estimators=100, n_jobs=-1,
            oob_score=False, random_state=None, verbose=0,
            warm_start=False)",0.83026445532,4.530590534210205
RF,"RandomForestClassifier(bootstrap=True, class_weight=None, criterion='gini',
            max_depth=1, max_features='log2', max_leaf_nodes=None,
            min_samples_leaf=1, min_samples_split=5,
            min_weight_fraction_leaf=0.0, n_estimators=1, n_jobs=-1,
            oob_score=False, random_state=None, verbose=0,
            warm_start=False)",0.654297135674,4.648658990859985
RF,"RandomForestClassifier(bootstrap=True, class_weight=None, criterion='gini',
            max_depth=1, max_features='log2', max_leaf_nodes=None,
            min_samples_leaf=1, min_samples_split=5,
            min_weight_fraction_leaf=0.0, n_estimators=10, n_jobs=-1,
            oob_score=False, random_state=None, verbose=0,
            warm_start=False)",0.797254974342,4.870130300521851
RF,"RandomForestClassifier(bootstrap=True, class_weight=None, criterion='gini',
            max_depth=1, max_features='log2', max_leaf_nodes=None,
            min_samples_leaf=1, min_samples_split=5,
            min_weight_fraction_leaf=0.0, n_estimators=100, n_jobs=-1,
            oob_score=False, random_state=None, verbose=0,
            warm_start=False)",0.828361254595,5.646969318389893
RF,"RandomForestClassifier(bootstrap=True, class_weight=None, criterion='gini',
            max_depth=1, max_features='log2', max_leaf_nodes=None,
            min_samples_leaf=1, min_samples_split=10,
            min_weight_fraction_leaf=0.0, n_estimators=1, n_jobs=-1,
            oob_score=False, random_state=None, verbose=0,
            warm_start=False)",0.619597029569,5.764898300170898
RF,"RandomForestClassifier(bootstrap=True, class_weight=None, criterion='gini',
            max_depth=1, max_features='log2', max_leaf_nodes=None,
            min_samples_leaf=1, min_samples_split=10,
            min_weight_fraction_leaf=0.0, n_estimators=10, n_jobs=-1,
            oob_score=False, random_state=None, verbose=0,
            warm_start=False)",0.776131597173,5.987720966339111
RF,"RandomForestClassifier(bootstrap=True, class_weight=None, criterion='gini',
            max_depth=1, max_features='log2', max_leaf_nodes=None,
            min_samples_leaf=1, min_samples_split=10,
            min_weight_fraction_leaf=0.0, n_estimators=100, n_jobs=-1,
            oob_score=False, random_state=None, verbose=0,
            warm_start=False)",0.829689223981,6.765691757202148
RF,"RandomForestClassifier(bootstrap=True, class_weight=None, criterion='gini',
            max_depth=5, max_features='sqrt', max_leaf_nodes=None,
            min_samples_leaf=1, min_samples_split=2,
            min_weight_fraction_leaf=0.0, n_estimators=1, n_jobs=-1,
            oob_score=False, random_state=None, verbose=0,
            warm_start=False)",0.802434096093,6.889158248901367
RF,"RandomForestClassifier(bootstrap=True, class_weight=None, criterion='gini',
            max_depth=5, max_features='sqrt', max_leaf_nodes=None,
            min_samples_leaf=1, min_samples_split=2,
            min_weight_fraction_leaf=0.0, n_estimators=10, n_jobs=-1,
            oob_score=False, random_state=None, verbose=0,
            warm_start=False)",0.846596306883,7.316586971282959
RF,"RandomForestClassifier(bootstrap=True, class_weight=None, criterion='gini',
            max_depth=5, max_features='sqrt', max_leaf_nodes=None,
            min_samples_leaf=1, min_samples_split=2,
            min_weight_fraction_leaf=0.0, n_estimators=100, n_jobs=-1,
            oob_score=False, random_state=None, verbose=0,
            warm_start=False)",0.84932065888,9.397979021072388
RF,"RandomForestClassifier(bootstrap=True, class_weight=None, criterion='gini',
            max_depth=5, max_features='sqrt', max_leaf_nodes=None,
            min_samples_leaf=1, min_samples_split=5,
            min_weight_fraction_leaf=0.0, n_estimators=1, n_jobs=-1,
            oob_score=False, random_state=None, verbose=0,
            warm_start=False)",0.830731897533,9.521919250488281
RF,"RandomForestClassifier(bootstrap=True, class_weight=None, criterion='gini',
            max_depth=5, max_features='sqrt', max_leaf_nodes=None,
            min_samples_leaf=1, min_samples_split=5,
            min_weight_fraction_leaf=0.0, n_estimators=10, n_jobs=-1,
            oob_score=False, random_state=None, verbose=0,
            warm_start=False)",0.843670356919,9.844107866287231
RF,"RandomForestClassifier(bootstrap=True, class_weight=None, criterion='gini',
            max_depth=5, max_features='sqrt', max_leaf_nodes=None,
            min_samples_leaf=1, min_samples_split=5,
            min_weight_fraction_leaf=0.0, n_estimators=100, n_jobs=-1,
            oob_score=False, random_state=None, verbose=0,
            warm_start=False)",0.850459434845,11.927468299865723
RF,"RandomForestClassifier(bootstrap=True, class_weight=None, criterion='gini',
            max_depth=5, max_features='sqrt', max_leaf_nodes=None,
            min_samples_leaf=1, min_samples_split=10,
            min_weight_fraction_leaf=0.0, n_estimators=1, n_jobs=-1,
            oob_score=False, random_state=None, verbose=0,
            warm_start=False)",0.819604502061,12.05391812324524
RF,"RandomForestClassifier(bootstrap=True, class_weight=None, criterion='gini',
            max_depth=5, max_features='sqrt', max_leaf_nodes=None,
            min_samples_leaf=1, min_samples_split=10,
            min_weight_fraction_leaf=0.0, n_estimators=10, n_jobs=-1,
            oob_score=False, random_state=None, verbose=0,
            warm_start=False)",0.847119171248,12.47822642326355
RF,"RandomForestClassifier(bootstrap=True, class_weight=None, criterion='gini',
            max_depth=5, max_features='sqrt', max_leaf_nodes=None,
            min_samples_leaf=1, min_samples_split=10,
            min_weight_fraction_leaf=0.0, n_estimators=100, n_jobs=-1,
            oob_score=False, random_state=None, verbose=0,
            warm_start=False)",0.849858133823,14.461793422698975
RF,"RandomForestClassifier(bootstrap=True, class_weight=None, criterion='gini',
            max_depth=5, max_features='log2', max_leaf_nodes=None,
            min_samples_leaf=1, min_samples_split=2,
            min_weight_fraction_leaf=0.0, n_estimators=1, n_jobs=-1,
            oob_score=False, random_state=None, verbose=0,
            warm_start=False)",0.799771775588,14.586402416229248
RF,"RandomForestClassifier(bootstrap=True, class_weight=None, criterion='gini',
            max_depth=5, max_features='log2', max_leaf_nodes=None,
            min_samples_leaf=1, min_samples_split=2,
            min_weight_fraction_leaf=0.0, n_estimators=10, n_jobs=-1,
            oob_score=False, random_state=None, verbose=0,
            warm_start=False)",0.84941602595,15.010636568069458
RF,"RandomForestClassifier(bootstrap=True, class_weight=None, criterion='gini',
            max_depth=5, max_features='log2', max_leaf_nodes=None,
            min_samples_leaf=1, min_samples_split=2,
            min_weight_fraction_leaf=0.0, n_estimators=100, n_jobs=-1,
            oob_score=False, random_state=None, verbose=0,
            warm_start=False)",0.850207378295,17.093119144439697
RF,"RandomForestClassifier(bootstrap=True, class_weight=None, criterion='gini',
            max_depth=5, max_features='log2', max_leaf_nodes=None,
            min_samples_leaf=1, min_samples_split=5,
            min_weight_fraction_leaf=0.0, n_estimators=1, n_jobs=-1,
            oob_score=False, random_state=None, verbose=0,
            warm_start=False)",0.819567148354,17.214691877365112
RF,"RandomForestClassifier(bootstrap=True, class_weight=None, criterion='gini',
            max_depth=5, max_features='log2', max_leaf_nodes=None,
            min_samples_leaf=1, min_samples_split=5,
            min_weight_fraction_leaf=0.0, n_estimators=10, n_jobs=-1,
            oob_score=False, random_state=None, verbose=0,
            warm_start=False)",0.849757531806,17.640742778778076
RF,"RandomForestClassifier(bootstrap=True, class_weight=None, criterion='gini',
            max_depth=5, max_features='log2', max_leaf_nodes=None,
            min_samples_leaf=1, min_samples_split=5,
            min_weight_fraction_leaf=0.0, n_estimators=100, n_jobs=-1,
            oob_score=False, random_state=None, verbose=0,
            warm_start=False)",0.851186234521,19.618027687072754
RF,"RandomForestClassifier(bootstrap=True, class_weight=None, criterion='gini',
            max_depth=5, max_features='log2', max_leaf_nodes=None,
            min_samples_leaf=1, min_samples_split=10,
            min_weight_fraction_leaf=0.0, n_estimators=1, n_jobs=-1,
            oob_score=False, random_state=None, verbose=0,
            warm_start=False)",0.827531997035,19.745681285858154
RF,"RandomForestClassifier(bootstrap=True, class_weight=None, criterion='gini',
            max_depth=5, max_features='log2', max_leaf_nodes=None,
            min_samples_leaf=1, min_samples_split=10,
            min_weight_fraction_leaf=0.0, n_estimators=10, n_jobs=-1,
            oob_score=False, random_state=None, verbose=0,
            warm_start=False)",0.845905215147,20.17200469970703
RF,"RandomForestClassifier(bootstrap=True, class_weight=None, criterion='gini',
            max_depth=5, max_features='log2', max_leaf_nodes=None,
            min_samples_leaf=1, min_samples_split=10,
            min_weight_fraction_leaf=0.0, n_estimators=100, n_jobs=-1,
            oob_score=False, random_state=None, verbose=0,
            warm_start=False)",0.849509738498,22.15242838859558
RF,"RandomForestClassifier(bootstrap=True, class_weight=None, criterion='gini',
            max_depth=10, max_features='sqrt', max_leaf_nodes=None,
            min_samples_leaf=1, min_samples_split=2,
            min_weight_fraction_leaf=0.0, n_estimators=1, n_jobs=-1,
            oob_score=False, random_state=None, verbose=0,
            warm_start=False)",0.803244050882,22.279102087020874
RF,"RandomForestClassifier(bootstrap=True, class_weight=None, criterion='gini',
            max_depth=10, max_features='sqrt', max_leaf_nodes=None,
            min_samples_leaf=1, min_samples_split=2,
            min_weight_fraction_leaf=0.0, n_estimators=10, n_jobs=-1,
            oob_score=False, random_state=None, verbose=0,
            warm_start=False)",0.853887300634,22.804592847824097
RF,"RandomForestClassifier(bootstrap=True, class_weight=None, criterion='gini',
            max_depth=10, max_features='sqrt', max_leaf_nodes=None,
            min_samples_leaf=1, min_samples_split=2,
            min_weight_fraction_leaf=0.0, n_estimators=100, n_jobs=-1,
            oob_score=False, random_state=None, verbose=0,
            warm_start=False)",0.855986619266,26.189165115356445
RF,"RandomForestClassifier(bootstrap=True, class_weight=None, criterion='gini',
            max_depth=10, max_features='sqrt', max_leaf_nodes=None,
            min_samples_leaf=1, min_samples_split=5,
            min_weight_fraction_leaf=0.0, n_estimators=1, n_jobs=-1,
            oob_score=False, random_state=None, verbose=0,
            warm_start=False)",0.808050904901,26.31483221054077
RF,"RandomForestClassifier(bootstrap=True, class_weight=None, criterion='gini',
            max_depth=10, max_features='sqrt', max_leaf_nodes=None,
            min_samples_leaf=1, min_samples_split=5,
            min_weight_fraction_leaf=0.0, n_estimators=10, n_jobs=-1,
            oob_score=False, random_state=None, verbose=0,
            warm_start=False)",0.852331733628,26.840293645858765
RF,"RandomForestClassifier(bootstrap=True, class_weight=None, criterion='gini',
            max_depth=10, max_features='sqrt', max_leaf_nodes=None,
            min_samples_leaf=1, min_samples_split=5,
            min_weight_fraction_leaf=0.0, n_estimators=100, n_jobs=-1,
            oob_score=False, random_state=None, verbose=0,
            warm_start=False)",0.855185357291,30.228769540786743
RF,"RandomForestClassifier(bootstrap=True, class_weight=None, criterion='gini',
            max_depth=10, max_features='sqrt', max_leaf_nodes=None,
            min_samples_leaf=1, min_samples_split=10,
            min_weight_fraction_leaf=0.0, n_estimators=1, n_jobs=-1,
            oob_score=False, random_state=None, verbose=0,
            warm_start=False)",0.807223984683,30.357940673828125
RF,"RandomForestClassifier(bootstrap=True, class_weight=None, criterion='gini',
            max_depth=10, max_features='sqrt', max_leaf_nodes=None,
            min_samples_leaf=1, min_samples_split=10,
            min_weight_fraction_leaf=0.0, n_estimators=10, n_jobs=-1,
            oob_score=False, random_state=None, verbose=0,
            warm_start=False)",0.852927397016,30.882463455200195
RF,"RandomForestClassifier(bootstrap=True, class_weight=None, criterion='gini',
            max_depth=10, max_features='sqrt', max_leaf_nodes=None,
            min_samples_leaf=1, min_samples_split=10,
            min_weight_fraction_leaf=0.0, n_estimators=100, n_jobs=-1,
            oob_score=False, random_state=None, verbose=0,
            warm_start=False)",0.85522958296,34.37395453453064
RF,"RandomForestClassifier(bootstrap=True, class_weight=None, criterion='gini',
            max_depth=10, max_features='log2', max_leaf_nodes=None,
            min_samples_leaf=1, min_samples_split=2,
            min_weight_fraction_leaf=0.0, n_estimators=1, n_jobs=-1,
            oob_score=False, random_state=None, verbose=0,
            warm_start=False)",0.803576557531,34.50108480453491
RF,"RandomForestClassifier(bootstrap=True, class_weight=None, criterion='gini',
            max_depth=10, max_features='log2', max_leaf_nodes=None,
            min_samples_leaf=1, min_samples_split=2,
            min_weight_fraction_leaf=0.0, n_estimators=10, n_jobs=-1,
            oob_score=False, random_state=None, verbose=0,
            warm_start=False)",0.853133722194,35.02464985847473
RF,"RandomForestClassifier(bootstrap=True, class_weight=None, criterion='gini',
            max_depth=10, max_features='log2', max_leaf_nodes=None,
            min_samples_leaf=1, min_samples_split=2,
            min_weight_fraction_leaf=0.0, n_estimators=100, n_jobs=-1,
            oob_score=False, random_state=None, verbose=0,
            warm_start=False)",0.855421849067,38.41322183609009
RF,"RandomForestClassifier(bootstrap=True, class_weight=None, criterion='gini',
            max_depth=10, max_features='log2', max_leaf_nodes=None,
            min_samples_leaf=1, min_samples_split=5,
            min_weight_fraction_leaf=0.0, n_estimators=1, n_jobs=-1,
            oob_score=False, random_state=None, verbose=0,
            warm_start=False)",0.804272323953,38.54194617271423
RF,"RandomForestClassifier(bootstrap=True, class_weight=None, criterion='gini',
            max_depth=10, max_features='log2', max_leaf_nodes=None,
            min_samples_leaf=1, min_samples_split=5,
            min_weight_fraction_leaf=0.0, n_estimators=10, n_jobs=-1,
            oob_score=False, random_state=None, verbose=0,
            warm_start=False)",0.853735741052,39.069711446762085
RF,"RandomForestClassifier(bootstrap=True, class_weight=None, criterion='gini',
            max_depth=10, max_features='log2', max_leaf_nodes=None,
            min_samples_leaf=1, min_samples_split=5,
            min_weight_fraction_leaf=0.0, n_estimators=100, n_jobs=-1,
            oob_score=False, random_state=None, verbose=0,
            warm_start=False)",0.855325825439,42.558812379837036
RF,"RandomForestClassifier(bootstrap=True, class_weight=None, criterion='gini',
            max_depth=10, max_features='log2', max_leaf_nodes=None,
            min_samples_leaf=1, min_samples_split=10,
            min_weight_fraction_leaf=0.0, n_estimators=1, n_jobs=-1,
            oob_score=False, random_state=None, verbose=0,
            warm_start=False)",0.803125756846,42.69300079345703
RF,"RandomForestClassifier(bootstrap=True, class_weight=None, criterion='gini',
            max_depth=10, max_features='log2', max_leaf_nodes=None,
            min_samples_leaf=1, min_samples_split=10,
            min_weight_fraction_leaf=0.0, n_estimators=10, n_jobs=-1,
            oob_score=False, random_state=None, verbose=0,
            warm_start=False)",0.852388416369,43.218637466430664
RF,"RandomForestClassifier(bootstrap=True, class_weight=None, criterion='gini',
            max_depth=10, max_features='log2', max_leaf_nodes=None,
            min_samples_leaf=1, min_samples_split=10,
            min_weight_fraction_leaf=0.0, n_estimators=100, n_jobs=-1,
            oob_score=False, random_state=None, verbose=0,
            warm_start=False)",0.855573478682,46.60578012466431
RF,"RandomForestClassifier(bootstrap=True, class_weight=None, criterion='gini',
            max_depth=20, max_features='sqrt', max_leaf_nodes=None,
            min_samples_leaf=1, min_samples_split=2,
            min_weight_fraction_leaf=0.0, n_estimators=1, n_jobs=-1,
            oob_score=False, random_state=None, verbose=0,
            warm_start=False)",0.602300021933,46.83831477165222
RF,"RandomForestClassifier(bootstrap=True, class_weight=None, criterion='gini',
            max_depth=20, max_features='sqrt', max_leaf_nodes=None,
            min_samples_leaf=1, min_samples_split=2,
            min_weight_fraction_leaf=0.0, n_estimators=10, n_jobs=-1,
            oob_score=False, random_state=None, verbose=0,
            warm_start=False)",0.813523078612,47.565248250961304
RF,"RandomForestClassifier(bootstrap=True, class_weight=None, criterion='gini',
            max_depth=20, max_features='sqrt', max_leaf_nodes=None,
            min_samples_leaf=1, min_samples_split=2,
            min_weight_fraction_leaf=0.0, n_estimators=100, n_jobs=-1,
            oob_score=False, random_state=None, verbose=0,
            warm_start=False)",0.847589160901,52.35307741165161
RF,"RandomForestClassifier(bootstrap=True, class_weight=None, criterion='gini',
            max_depth=20, max_features='sqrt', max_leaf_nodes=None,
            min_samples_leaf=1, min_samples_split=5,
            min_weight_fraction_leaf=0.0, n_estimators=1, n_jobs=-1,
            oob_score=False, random_state=None, verbose=0,
            warm_start=False)",0.607267636084,52.586705446243286
RF,"RandomForestClassifier(bootstrap=True, class_weight=None, criterion='gini',
            max_depth=20, max_features='sqrt', max_leaf_nodes=None,
            min_samples_leaf=1, min_samples_split=5,
            min_weight_fraction_leaf=0.0, n_estimators=10, n_jobs=-1,
            oob_score=False, random_state=None, verbose=0,
            warm_start=False)",0.822380214311,53.314204454422
RF,"RandomForestClassifier(bootstrap=True, class_weight=None, criterion='gini',
            max_depth=20, max_features='sqrt', max_leaf_nodes=None,
            min_samples_leaf=1, min_samples_split=5,
            min_weight_fraction_leaf=0.0, n_estimators=100, n_jobs=-1,
            oob_score=False, random_state=None, verbose=0,
            warm_start=False)",0.846028280162,58.20560050010681
RF,"RandomForestClassifier(bootstrap=True, class_weight=None, criterion='gini',
            max_depth=20, max_features='sqrt', max_leaf_nodes=None,
            min_samples_leaf=1, min_samples_split=10,
            min_weight_fraction_leaf=0.0, n_estimators=1, n_jobs=-1,
            oob_score=False, random_state=None, verbose=0,
            warm_start=False)",0.666388199023,58.441845178604126
RF,"RandomForestClassifier(bootstrap=True, class_weight=None, criterion='gini',
            max_depth=20, max_features='sqrt', max_leaf_nodes=None,
            min_samples_leaf=1, min_samples_split=10,
            min_weight_fraction_leaf=0.0, n_estimators=10, n_jobs=-1,
            oob_score=False, random_state=None, verbose=0,
            warm_start=False)",0.833139430211,59.16916060447693
RF,"RandomForestClassifier(bootstrap=True, class_weight=None, criterion='gini',
            max_depth=20, max_features='sqrt', max_leaf_nodes=None,
            min_samples_leaf=1, min_samples_split=10,
            min_weight_fraction_leaf=0.0, n_estimators=100, n_jobs=-1,
            oob_score=False, random_state=None, verbose=0,
            warm_start=False)",0.847736465995,63.95727014541626
RF,"RandomForestClassifier(bootstrap=True, class_weight=None, criterion='gini',
            max_depth=20, max_features='log2', max_leaf_nodes=None,
            min_samples_leaf=1, min_samples_split=2,
            min_weight_fraction_leaf=0.0, n_estimators=1, n_jobs=-1,
            oob_score=False, random_state=None, verbose=0,
            warm_start=False)",0.630834113804,64.19106316566467
RF,"RandomForestClassifier(bootstrap=True, class_weight=None, criterion='gini',
            max_depth=20, max_features='log2', max_leaf_nodes=None,
            min_samples_leaf=1, min_samples_split=2,
            min_weight_fraction_leaf=0.0, n_estimators=10, n_jobs=-1,
            oob_score=False, random_state=None, verbose=0,
            warm_start=False)",0.812960155526,64.91550874710083
RF,"RandomForestClassifier(bootstrap=True, class_weight=None, criterion='gini',
            max_depth=20, max_features='log2', max_leaf_nodes=None,
            min_samples_leaf=1, min_samples_split=2,
            min_weight_fraction_leaf=0.0, n_estimators=100, n_jobs=-1,
            oob_score=False, random_state=None, verbose=0,
            warm_start=False)",0.846066316689,69.906893491745
RF,"RandomForestClassifier(bootstrap=True, class_weight=None, criterion='gini',
            max_depth=20, max_features='log2', max_leaf_nodes=None,
            min_samples_leaf=1, min_samples_split=5,
            min_weight_fraction_leaf=0.0, n_estimators=1, n_jobs=-1,
            oob_score=False, random_state=None, verbose=0,
            warm_start=False)",0.616850319623,70.1423487663269
RF,"RandomForestClassifier(bootstrap=True, class_weight=None, criterion='gini',
            max_depth=20, max_features='log2', max_leaf_nodes=None,
            min_samples_leaf=1, min_samples_split=5,
            min_weight_fraction_leaf=0.0, n_estimators=10, n_jobs=-1,
            oob_score=False, random_state=None, verbose=0,
            warm_start=False)",0.827312383147,70.86688017845154
RF,"RandomForestClassifier(bootstrap=True, class_weight=None, criterion='gini',
            max_depth=20, max_features='log2', max_leaf_nodes=None,
            min_samples_leaf=1, min_samples_split=5,
            min_weight_fraction_leaf=0.0, n_estimators=100, n_jobs=-1,
            oob_score=False, random_state=None, verbose=0,
            warm_start=False)",0.847310859585,75.65775656700134
RF,"RandomForestClassifier(bootstrap=True, class_weight=None, criterion='gini',
            max_depth=20, max_features='log2', max_leaf_nodes=None,
            min_samples_leaf=1, min_samples_split=10,
            min_weight_fraction_leaf=0.0, n_estimators=1, n_jobs=-1,
            oob_score=False, random_state=None, verbose=0,
            warm_start=False)",0.656709745725,75.89163160324097
RF,"RandomForestClassifier(bootstrap=True, class_weight=None, criterion='gini',
            max_depth=20, max_features='log2', max_leaf_nodes=None,
            min_samples_leaf=1, min_samples_split=10,
            min_weight_fraction_leaf=0.0, n_estimators=10, n_jobs=-1,
            oob_score=False, random_state=None, verbose=0,
            warm_start=False)",0.833803568101,76.6148681640625
RF,"RandomForestClassifier(bootstrap=True, class_weight=None, criterion='gini',
            max_depth=20, max_features='log2', max_leaf_nodes=None,
            min_samples_leaf=1, min_samples_split=10,
            min_weight_fraction_leaf=0.0, n_estimators=100, n_jobs=-1,
            oob_score=False, random_state=None, verbose=0,
            warm_start=False)",0.847413282453,81.30532670021057
LR,"LogisticRegression(C=1e-05, class_weight=None, dual=False, fit_intercept=True,
          intercept_scaling=1, max_iter=100, multi_class='ovr',
          penalty='l1', random_state=None, solver='liblinear', tol=0.0001,
          verbose=0)",0.633962896064,0.11807703971862793
LR,"LogisticRegression(C=1e-05, class_weight=None, dual=False, fit_intercept=True,
          intercept_scaling=1, max_iter=100, multi_class='ovr',
          penalty='l2', random_state=None, solver='liblinear', tol=0.0001,
          verbose=0)",0.649204390541,0.3827962875366211
LR,"LogisticRegression(C=0.0001, class_weight=None, dual=False,
          fit_intercept=True, intercept_scaling=1, max_iter=100,
          multi_class='ovr', penalty='l1', random_state=None,
          solver='liblinear', tol=0.0001, verbose=0)",0.639584834769,0.5172684192657471
LR,"LogisticRegression(C=0.0001, class_weight=None, dual=False,
          fit_intercept=True, intercept_scaling=1, max_iter=100,
          multi_class='ovr', penalty='l2', random_state=None,
          solver='liblinear', tol=0.0001, verbose=0)",0.670152090606,0.8938298225402832
LR,"LogisticRegression(C=0.001, class_weight=None, dual=False, fit_intercept=True,
          intercept_scaling=1, max_iter=100, multi_class='ovr',
          penalty='l1', random_state=None, solver='liblinear', tol=0.0001,
          verbose=0)",0.674795208101,1.5728039741516113
LR,"LogisticRegression(C=0.001, class_weight=None, dual=False, fit_intercept=True,
          intercept_scaling=1, max_iter=100, multi_class='ovr',
          penalty='l2', random_state=None, solver='liblinear', tol=0.0001,
          verbose=0)",0.69001732102,2.1449739933013916
LR,"LogisticRegression(C=0.01, class_weight=None, dual=False, fit_intercept=True,
          intercept_scaling=1, max_iter=100, multi_class='ovr',
          penalty='l1', random_state=None, solver='liblinear', tol=0.0001,
          verbose=0)",0.689411835542,4.111668109893799
LR,"LogisticRegression(C=0.01, class_weight=None, dual=False, fit_intercept=True,
          intercept_scaling=1, max_iter=100, multi_class='ovr',
          penalty='l2', random_state=None, solver='liblinear', tol=0.0001,
          verbose=0)",0.689428231955,4.830482721328735
LR,"LogisticRegression(C=0.1, class_weight=None, dual=False, fit_intercept=True,
          intercept_scaling=1, max_iter=100, multi_class='ovr',
          penalty='l1', random_state=None, solver='liblinear', tol=0.0001,
          verbose=0)",0.688237946916,6.921778678894043
LR,"LogisticRegression(C=0.1, class_weight=None, dual=False, fit_intercept=True,
          intercept_scaling=1, max_iter=100, multi_class='ovr',
          penalty='l2', random_state=None, solver='liblinear', tol=0.0001,
          verbose=0)",0.689071493981,7.655687570571899
GB,"GradientBoostingClassifier(init=None, learning_rate=0.001, loss='deviance',
              max_depth=1, max_features=None, max_leaf_nodes=None,
              min_samples_leaf=1, min_samples_split=2,
              min_weight_fraction_leaf=0.0, n_estimators=1,
              random_state=None, subsample=0.1, verbose=0,
              warm_start=False)",0.654297135674,0.08993983268737793
GB,"GradientBoostingClassifier(init=None, learning_rate=0.001, loss='deviance',
              max_depth=1, max_features=None, max_leaf_nodes=None,
              min_samples_leaf=1, min_samples_split=2,
              min_weight_fraction_leaf=0.0, n_estimators=1,
              random_state=None, subsample=0.5, verbose=0,
              warm_start=False)",0.654297135674,0.20012807846069336
GB,"GradientBoostingClassifier(init=None, learning_rate=0.001, loss='deviance',
              max_depth=1, max_features=None, max_leaf_nodes=None,
              min_samples_leaf=1, min_samples_split=2,
              min_weight_fraction_leaf=0.0, n_estimators=10,
              random_state=None, subsample=0.1, verbose=0,
              warm_start=False)",0.654297135674,0.5217504501342773
GB,"GradientBoostingClassifier(init=None, learning_rate=0.001, loss='deviance',
              max_depth=1, max_features=None, max_leaf_nodes=None,
              min_samples_leaf=1, min_samples_split=2,
              min_weight_fraction_leaf=0.0, n_estimators=10,
              random_state=None, subsample=0.5, verbose=0,
              warm_start=False)",0.654297135674,1.006399393081665
GB,"GradientBoostingClassifier(init=None, learning_rate=0.001, loss='deviance',
              max_depth=1, max_features=None, max_leaf_nodes=None,
              min_samples_leaf=1, min_samples_split=2,
              min_weight_fraction_leaf=0.0, n_estimators=100,
              random_state=None, subsample=0.1, verbose=0,
              warm_start=False)",0.654297135674,3.6109604835510254
GB,"GradientBoostingClassifier(init=None, learning_rate=0.001, loss='deviance',
              max_depth=1, max_features=None, max_leaf_nodes=None,
              min_samples_leaf=1, min_samples_split=2,
              min_weight_fraction_leaf=0.0, n_estimators=100,
              random_state=None, subsample=0.5, verbose=0,
              warm_start=False)",0.654297135674,7.831818580627441
GB,"GradientBoostingClassifier(init=None, learning_rate=0.001, loss='deviance',
              max_depth=1, max_features=None, max_leaf_nodes=None,
              min_samples_leaf=1, min_samples_split=2,
              min_weight_fraction_leaf=0.0, n_estimators=1000,
              random_state=None, subsample=0.1, verbose=0,
              warm_start=False)",0.825343176574,33.36965751647949
GB,"GradientBoostingClassifier(init=None, learning_rate=0.001, loss='deviance',
              max_depth=1, max_features=None, max_leaf_nodes=None,
              min_samples_leaf=1, min_samples_split=2,
              min_weight_fraction_leaf=0.0, n_estimators=1000,
              random_state=None, subsample=0.5, verbose=0,
              warm_start=False)",0.824196819565,75.17360806465149
GB,"GradientBoostingClassifier(init=None, learning_rate=0.001, loss='deviance',
              max_depth=3, max_features=None, max_leaf_nodes=None,
              min_samples_leaf=1, min_samples_split=2,
              min_weight_fraction_leaf=0.0, n_estimators=1,
              random_state=None, subsample=0.1, verbose=0,
              warm_start=False)",0.810335503875,75.28753519058228
GB,"GradientBoostingClassifier(init=None, learning_rate=0.001, loss='deviance',
              max_depth=3, max_features=None, max_leaf_nodes=None,
              min_samples_leaf=1, min_samples_split=2,
              min_weight_fraction_leaf=0.0, n_estimators=1,
              random_state=None, subsample=0.5, verbose=0,
              warm_start=False)",0.81068563251,75.44473505020142
GB,"GradientBoostingClassifier(init=None, learning_rate=0.001, loss='deviance',
              max_depth=3, max_features=None, max_leaf_nodes=None,
              min_samples_leaf=1, min_samples_split=2,
              min_weight_fraction_leaf=0.0, n_estimators=10,
              random_state=None, subsample=0.1, verbose=0,
              warm_start=False)",0.827805938814,75.96796727180481
GB,"GradientBoostingClassifier(init=None, learning_rate=0.001, loss='deviance',
              max_depth=3, max_features=None, max_leaf_nodes=None,
              min_samples_leaf=1, min_samples_split=2,
              min_weight_fraction_leaf=0.0, n_estimators=10,
              random_state=None, subsample=0.5, verbose=0,
              warm_start=False)",0.823492377839,76.92501211166382
GB,"GradientBoostingClassifier(init=None, learning_rate=0.001, loss='deviance',
              max_depth=3, max_features=None, max_leaf_nodes=None,
              min_samples_leaf=1, min_samples_split=2,
              min_weight_fraction_leaf=0.0, n_estimators=100,
              random_state=None, subsample=0.1, verbose=0,
              warm_start=False)",0.832417637876,81.62099647521973
GB,"GradientBoostingClassifier(init=None, learning_rate=0.001, loss='deviance',
              max_depth=3, max_features=None, max_leaf_nodes=None,
              min_samples_leaf=1, min_samples_split=2,
              min_weight_fraction_leaf=0.0, n_estimators=100,
              random_state=None, subsample=0.5, verbose=0,
              warm_start=False)",0.825166886683,90.67300271987915
GB,"GradientBoostingClassifier(init=None, learning_rate=0.001, loss='deviance',
              max_depth=3, max_features=None, max_leaf_nodes=None,
              min_samples_leaf=1, min_samples_split=2,
              min_weight_fraction_leaf=0.0, n_estimators=1000,
              random_state=None, subsample=0.1, verbose=0,
              warm_start=False)",0.845128928593,136.20204520225525
GB,"GradientBoostingClassifier(init=None, learning_rate=0.001, loss='deviance',
              max_depth=3, max_features=None, max_leaf_nodes=None,
              min_samples_leaf=1, min_samples_split=2,
              min_weight_fraction_leaf=0.0, n_estimators=1000,
              random_state=None, subsample=0.5, verbose=0,
              warm_start=False)",0.839930950529,224.21700835227966
GB,"GradientBoostingClassifier(init=None, learning_rate=0.001, loss='deviance',
              max_depth=5, max_features=None, max_leaf_nodes=None,
              min_samples_leaf=1, min_samples_split=2,
              min_weight_fraction_leaf=0.0, n_estimators=1,
              random_state=None, subsample=0.1, verbose=0,
              warm_start=False)",0.794920109375,224.36703085899353
GB,"GradientBoostingClassifier(init=None, learning_rate=0.001, loss='deviance',
              max_depth=5, max_features=None, max_leaf_nodes=None,
              min_samples_leaf=1, min_samples_split=2,
              min_weight_fraction_leaf=0.0, n_estimators=1,
              random_state=None, subsample=0.5, verbose=0,
              warm_start=False)",0.837011268494,224.58738493919373
GB,"GradientBoostingClassifier(init=None, learning_rate=0.001, loss='deviance',
              max_depth=5, max_features=None, max_leaf_nodes=None,
              min_samples_leaf=1, min_samples_split=2,
              min_weight_fraction_leaf=0.0, n_estimators=10,
              random_state=None, subsample=0.1, verbose=0,
              warm_start=False)",0.846673745575,225.46136021614075
GB,"GradientBoostingClassifier(init=None, learning_rate=0.001, loss='deviance',
              max_depth=5, max_features=None, max_leaf_nodes=None,
              min_samples_leaf=1, min_samples_split=2,
              min_weight_fraction_leaf=0.0, n_estimators=10,
              random_state=None, subsample=0.5, verbose=0,
              warm_start=False)",0.841382991652,227.0875744819641
GB,"GradientBoostingClassifier(init=None, learning_rate=0.001, loss='deviance',
              max_depth=5, max_features=None, max_leaf_nodes=None,
              min_samples_leaf=1, min_samples_split=2,
              min_weight_fraction_leaf=0.0, n_estimators=100,
              random_state=None, subsample=0.1, verbose=0,
              warm_start=False)",0.849127543626,235.28583669662476
GB,"GradientBoostingClassifier(init=None, learning_rate=0.001, loss='deviance',
              max_depth=5, max_features=None, max_leaf_nodes=None,
              min_samples_leaf=1, min_samples_split=2,
              min_weight_fraction_leaf=0.0, n_estimators=100,
              random_state=None, subsample=0.5, verbose=0,
              warm_start=False)",0.844759689777,250.67633485794067
GB,"GradientBoostingClassifier(init=None, learning_rate=0.001, loss='deviance',
              max_depth=5, max_features=None, max_leaf_nodes=None,
              min_samples_leaf=1, min_samples_split=2,
              min_weight_fraction_leaf=0.0, n_estimators=1000,
              random_state=None, subsample=0.1, verbose=0,
              warm_start=False)",0.850994099725,332.1648461818695
GB,"GradientBoostingClassifier(init=None, learning_rate=0.001, loss='deviance',
              max_depth=5, max_features=None, max_leaf_nodes=None,
              min_samples_leaf=1, min_samples_split=2,
              min_weight_fraction_leaf=0.0, n_estimators=1000,
              random_state=None, subsample=0.5, verbose=0,
              warm_start=False)",0.849636664067,486.7325825691223
GB,"GradientBoostingClassifier(init=None, learning_rate=0.001, loss='deviance',
              max_depth=10, max_features=None, max_leaf_nodes=None,
              min_samples_leaf=1, min_samples_split=2,
              min_weight_fraction_leaf=0.0, n_estimators=1,
              random_state=None, subsample=0.1, verbose=0,
              warm_start=False)",0.67618211003,487.11925196647644
GB,"GradientBoostingClassifier(init=None, learning_rate=0.001, loss='deviance',
              max_depth=10, max_features=None, max_leaf_nodes=None,
              min_samples_leaf=1, min_samples_split=2,
              min_weight_fraction_leaf=0.0, n_estimators=1,
              random_state=None, subsample=0.5, verbose=0,
              warm_start=False)",0.798347589984,487.83183312416077
GB,"GradientBoostingClassifier(init=None, learning_rate=0.001, loss='deviance',
              max_depth=10, max_features=None, max_leaf_nodes=None,
              min_samples_leaf=1, min_samples_split=2,
              min_weight_fraction_leaf=0.0, n_estimators=10,
              random_state=None, subsample=0.1, verbose=0,
              warm_start=False)",0.847601477908,491.66938042640686
GB,"GradientBoostingClassifier(init=None, learning_rate=0.001, loss='deviance',
              max_depth=10, max_features=None, max_leaf_nodes=None,
              min_samples_leaf=1, min_samples_split=2,
              min_weight_fraction_leaf=0.0, n_estimators=10,
              random_state=None, subsample=0.5, verbose=0,
              warm_start=False)",0.850546433005,498.8631670475006
GB,"GradientBoostingClassifier(init=None, learning_rate=0.001, loss='deviance',
              max_depth=10, max_features=None, max_leaf_nodes=None,
              min_samples_leaf=1, min_samples_split=2,
              min_weight_fraction_leaf=0.0, n_estimators=100,
              random_state=None, subsample=0.1, verbose=0,
              warm_start=False)",0.85258392149,542.9664287567139
GB,"GradientBoostingClassifier(init=None, learning_rate=0.001, loss='deviance',
              max_depth=10, max_features=None, max_leaf_nodes=None,
              min_samples_leaf=1, min_samples_split=2,
              min_weight_fraction_leaf=0.0, n_estimators=100,
              random_state=None, subsample=0.5, verbose=0,
              warm_start=False)",0.852999732072,621.3094663619995
GB,"GradientBoostingClassifier(init=None, learning_rate=0.001, loss='deviance',
              max_depth=10, max_features=None, max_leaf_nodes=None,
              min_samples_leaf=1, min_samples_split=2,
              min_weight_fraction_leaf=0.0, n_estimators=1000,
              random_state=None, subsample=0.1, verbose=0,
              warm_start=False)",0.854419383057,1060.1499133110046
GB,"GradientBoostingClassifier(init=None, learning_rate=0.001, loss='deviance',
              max_depth=10, max_features=None, max_leaf_nodes=None,
              min_samples_leaf=1, min_samples_split=2,
              min_weight_fraction_leaf=0.0, n_estimators=1000,
              random_state=None, subsample=0.5, verbose=0,
              warm_start=False)",0.854155508483,1849.9496104717255
GB,"GradientBoostingClassifier(init=None, learning_rate=0.001, loss='deviance',
              max_depth=20, max_features=None, max_leaf_nodes=None,
              min_samples_leaf=1, min_samples_split=2,
              min_weight_fraction_leaf=0.0, n_estimators=1,
              random_state=None, subsample=0.1, verbose=0,
              warm_start=False)",0.601081574982,1850.8172116279602
GB,"GradientBoostingClassifier(init=None, learning_rate=0.001, loss='deviance',
              max_depth=20, max_features=None, max_leaf_nodes=None,
              min_samples_leaf=1, min_samples_split=2,
              min_weight_fraction_leaf=0.0, n_estimators=1,
              random_state=None, subsample=0.5, verbose=0,
              warm_start=False)",0.607015413206,1853.6093006134033
GB,"GradientBoostingClassifier(init=None, learning_rate=0.001, loss='deviance',
              max_depth=20, max_features=None, max_leaf_nodes=None,
              min_samples_leaf=1, min_samples_split=2,
              min_weight_fraction_leaf=0.0, n_estimators=10,
              random_state=None, subsample=0.1, verbose=0,
              warm_start=False)",0.800697555758,1868.3080306053162
GB,"GradientBoostingClassifier(init=None, learning_rate=0.001, loss='deviance',
              max_depth=20, max_features=None, max_leaf_nodes=None,
              min_samples_leaf=1, min_samples_split=2,
              min_weight_fraction_leaf=0.0, n_estimators=10,
              random_state=None, subsample=0.5, verbose=0,
              warm_start=False)",0.805077779138,1913.450518131256
GB,"GradientBoostingClassifier(init=None, learning_rate=0.001, loss='deviance',
              max_depth=20, max_features=None, max_leaf_nodes=None,
              min_samples_leaf=1, min_samples_split=2,
              min_weight_fraction_leaf=0.0, n_estimators=100,
              random_state=None, subsample=0.1, verbose=0,
              warm_start=False)",0.842409470134,2147.4897096157074
GB,"GradientBoostingClassifier(init=None, learning_rate=0.001, loss='deviance',
              max_depth=20, max_features=None, max_leaf_nodes=None,
              min_samples_leaf=1, min_samples_split=2,
              min_weight_fraction_leaf=0.0, n_estimators=100,
              random_state=None, subsample=0.5, verbose=0,
              warm_start=False)",0.841129368119,2822.576167821884
GB,"GradientBoostingClassifier(init=None, learning_rate=0.001, loss='deviance',
              max_depth=20, max_features=None, max_leaf_nodes=None,
              min_samples_leaf=1, min_samples_split=2,
              min_weight_fraction_leaf=0.0, n_estimators=1000,
              random_state=None, subsample=0.1, verbose=0,
              warm_start=False)",0.850533800851,5407.501219749451
GB,"GradientBoostingClassifier(init=None, learning_rate=0.001, loss='deviance',
              max_depth=20, max_features=None, max_leaf_nodes=None,
              min_samples_leaf=1, min_samples_split=2,
              min_weight_fraction_leaf=0.0, n_estimators=1000,
              random_state=None, subsample=0.5, verbose=0,
              warm_start=False)",0.843683242941,13088.893280506134
GB,"GradientBoostingClassifier(init=None, learning_rate=0.01, loss='deviance',
              max_depth=1, max_features=None, max_leaf_nodes=None,
              min_samples_leaf=1, min_samples_split=2,
              min_weight_fraction_leaf=0.0, n_estimators=1,
              random_state=None, subsample=0.1, verbose=0,
              warm_start=False)",0.654297135674,13088.997610807419
GB,"GradientBoostingClassifier(init=None, learning_rate=0.01, loss='deviance',
              max_depth=1, max_features=None, max_leaf_nodes=None,
              min_samples_leaf=1, min_samples_split=2,
              min_weight_fraction_leaf=0.0, n_estimators=1,
              random_state=None, subsample=0.5, verbose=0,
              warm_start=False)",0.654297135674,13089.10545372963
GB,"GradientBoostingClassifier(init=None, learning_rate=0.01, loss='deviance',
              max_depth=1, max_features=None, max_leaf_nodes=None,
              min_samples_leaf=1, min_samples_split=2,
              min_weight_fraction_leaf=0.0, n_estimators=10,
              random_state=None, subsample=0.1, verbose=0,
              warm_start=False)",0.654297135674,13089.424712181091
GB,"GradientBoostingClassifier(init=None, learning_rate=0.01, loss='deviance',
              max_depth=1, max_features=None, max_leaf_nodes=None,
              min_samples_leaf=1, min_samples_split=2,
              min_weight_fraction_leaf=0.0, n_estimators=10,
              random_state=None, subsample=0.5, verbose=0,
              warm_start=False)",0.654297135674,13089.908268213272
GB,"GradientBoostingClassifier(init=None, learning_rate=0.01, loss='deviance',
              max_depth=1, max_features=None, max_leaf_nodes=None,
              min_samples_leaf=1, min_samples_split=2,
              min_weight_fraction_leaf=0.0, n_estimators=100,
              random_state=None, subsample=0.1, verbose=0,
              warm_start=False)",0.824704057877,13092.511292934418
GB,"GradientBoostingClassifier(init=None, learning_rate=0.01, loss='deviance',
              max_depth=1, max_features=None, max_leaf_nodes=None,
              min_samples_leaf=1, min_samples_split=2,
              min_weight_fraction_leaf=0.0, n_estimators=100,
              random_state=None, subsample=0.5, verbose=0,
              warm_start=False)",0.822844321215,13096.760806798935
GB,"GradientBoostingClassifier(init=None, learning_rate=0.01, loss='deviance',
              max_depth=1, max_features=None, max_leaf_nodes=None,
              min_samples_leaf=1, min_samples_split=2,
              min_weight_fraction_leaf=0.0, n_estimators=1000,
              random_state=None, subsample=0.1, verbose=0,
              warm_start=False)",0.85100836014,13122.346406698227
GB,"GradientBoostingClassifier(init=None, learning_rate=0.01, loss='deviance',
              max_depth=1, max_features=None, max_leaf_nodes=None,
              min_samples_leaf=1, min_samples_split=2,
              min_weight_fraction_leaf=0.0, n_estimators=1000,
              random_state=None, subsample=0.5, verbose=0,
              warm_start=False)",0.849938461364,13165.033732414246
GB,"GradientBoostingClassifier(init=None, learning_rate=0.01, loss='deviance',
              max_depth=3, max_features=None, max_leaf_nodes=None,
              min_samples_leaf=1, min_samples_split=2,
              min_weight_fraction_leaf=0.0, n_estimators=1,
              random_state=None, subsample=0.1, verbose=0,
              warm_start=False)",0.812454536721,13165.149441719055
GB,"GradientBoostingClassifier(init=None, learning_rate=0.01, loss='deviance',
              max_depth=3, max_features=None, max_leaf_nodes=None,
              min_samples_leaf=1, min_samples_split=2,
              min_weight_fraction_leaf=0.0, n_estimators=1,
              random_state=None, subsample=0.5, verbose=0,
              warm_start=False)",0.811107640989,13165.304918289185
GB,"GradientBoostingClassifier(init=None, learning_rate=0.01, loss='deviance',
              max_depth=3, max_features=None, max_leaf_nodes=None,
              min_samples_leaf=1, min_samples_split=2,
              min_weight_fraction_leaf=0.0, n_estimators=10,
              random_state=None, subsample=0.1, verbose=0,
              warm_start=False)",0.828276786368,13165.8266851902
GB,"GradientBoostingClassifier(init=None, learning_rate=0.01, loss='deviance',
              max_depth=3, max_features=None, max_leaf_nodes=None,
              min_samples_leaf=1, min_samples_split=2,
              min_weight_fraction_leaf=0.0, n_estimators=10,
              random_state=None, subsample=0.5, verbose=0,
              warm_start=False)",0.824285419723,13166.788672685623
GB,"GradientBoostingClassifier(init=None, learning_rate=0.01, loss='deviance',
              max_depth=3, max_features=None, max_leaf_nodes=None,
              min_samples_leaf=1, min_samples_split=2,
              min_weight_fraction_leaf=0.0, n_estimators=100,
              random_state=None, subsample=0.1, verbose=0,
              warm_start=False)",0.843432884684,13171.380994081497
GB,"GradientBoostingClassifier(init=None, learning_rate=0.01, loss='deviance',
              max_depth=3, max_features=None, max_leaf_nodes=None,
              min_samples_leaf=1, min_samples_split=2,
              min_weight_fraction_leaf=0.0, n_estimators=100,
              random_state=None, subsample=0.5, verbose=0,
              warm_start=False)",0.83385140921,13180.287243843079
GB,"GradientBoostingClassifier(init=None, learning_rate=0.01, loss='deviance',
              max_depth=3, max_features=None, max_leaf_nodes=None,
              min_samples_leaf=1, min_samples_split=2,
              min_weight_fraction_leaf=0.0, n_estimators=1000,
              random_state=None, subsample=0.1, verbose=0,
              warm_start=False)",0.855136089265,13225.720069408417
GB,"GradientBoostingClassifier(init=None, learning_rate=0.01, loss='deviance',
              max_depth=3, max_features=None, max_leaf_nodes=None,
              min_samples_leaf=1, min_samples_split=2,
              min_weight_fraction_leaf=0.0, n_estimators=1000,
              random_state=None, subsample=0.5, verbose=0,
              warm_start=False)",0.856282796437,13317.639120817184
GB,"GradientBoostingClassifier(init=None, learning_rate=0.01, loss='deviance',
              max_depth=5, max_features=None, max_leaf_nodes=None,
              min_samples_leaf=1, min_samples_split=2,
              min_weight_fraction_leaf=0.0, n_estimators=1,
              random_state=None, subsample=0.1, verbose=0,
              warm_start=False)",0.821263323574,13317.78983426094
GB,"GradientBoostingClassifier(init=None, learning_rate=0.01, loss='deviance',
              max_depth=5, max_features=None, max_leaf_nodes=None,
              min_samples_leaf=1, min_samples_split=2,
              min_weight_fraction_leaf=0.0, n_estimators=1,
              random_state=None, subsample=0.5, verbose=0,
              warm_start=False)",0.830884017377,13318.012466669083
GB,"GradientBoostingClassifier(init=None, learning_rate=0.01, loss='deviance',
              max_depth=5, max_features=None, max_leaf_nodes=None,
              min_samples_leaf=1, min_samples_split=2,
              min_weight_fraction_leaf=0.0, n_estimators=10,
              random_state=None, subsample=0.1, verbose=0,
              warm_start=False)",0.846485663924,13318.895958185196
GB,"GradientBoostingClassifier(init=None, learning_rate=0.01, loss='deviance',
              max_depth=5, max_features=None, max_leaf_nodes=None,
              min_samples_leaf=1, min_samples_split=2,
              min_weight_fraction_leaf=0.0, n_estimators=10,
              random_state=None, subsample=0.5, verbose=0,
              warm_start=False)",0.841233655608,13320.500573635101
GB,"GradientBoostingClassifier(init=None, learning_rate=0.01, loss='deviance',
              max_depth=5, max_features=None, max_leaf_nodes=None,
              min_samples_leaf=1, min_samples_split=2,
              min_weight_fraction_leaf=0.0, n_estimators=100,
              random_state=None, subsample=0.1, verbose=0,
              warm_start=False)",0.850883999519,13328.668421983719
GB,"GradientBoostingClassifier(init=None, learning_rate=0.01, loss='deviance',
              max_depth=5, max_features=None, max_leaf_nodes=None,
              min_samples_leaf=1, min_samples_split=2,
              min_weight_fraction_leaf=0.0, n_estimators=100,
              random_state=None, subsample=0.5, verbose=0,
              warm_start=False)",0.849392407412,13344.077918291092
GB,"GradientBoostingClassifier(init=None, learning_rate=0.01, loss='deviance',
              max_depth=5, max_features=None, max_leaf_nodes=None,
              min_samples_leaf=1, min_samples_split=2,
              min_weight_fraction_leaf=0.0, n_estimators=1000,
              random_state=None, subsample=0.1, verbose=0,
              warm_start=False)",0.855658752285,13422.305464744568
GB,"GradientBoostingClassifier(init=None, learning_rate=0.01, loss='deviance',
              max_depth=5, max_features=None, max_leaf_nodes=None,
              min_samples_leaf=1, min_samples_split=2,
              min_weight_fraction_leaf=0.0, n_estimators=1000,
              random_state=None, subsample=0.5, verbose=0,
              warm_start=False)",0.857034011273,13575.035371780396
GB,"GradientBoostingClassifier(init=None, learning_rate=0.01, loss='deviance',
              max_depth=10, max_features=None, max_leaf_nodes=None,
              min_samples_leaf=1, min_samples_split=2,
              min_weight_fraction_leaf=0.0, n_estimators=1,
              random_state=None, subsample=0.1, verbose=0,
              warm_start=False)",0.689921061032,13575.410640716553
GB,"GradientBoostingClassifier(init=None, learning_rate=0.01, loss='deviance',
              max_depth=10, max_features=None, max_leaf_nodes=None,
              min_samples_leaf=1, min_samples_split=2,
              min_weight_fraction_leaf=0.0, n_estimators=1,
              random_state=None, subsample=0.5, verbose=0,
              warm_start=False)",0.789745084538,13576.114207983017
GB,"GradientBoostingClassifier(init=None, learning_rate=0.01, loss='deviance',
              max_depth=10, max_features=None, max_leaf_nodes=None,
              min_samples_leaf=1, min_samples_split=2,
              min_weight_fraction_leaf=0.0, n_estimators=10,
              random_state=None, subsample=0.1, verbose=0,
              warm_start=False)",0.844248617173,13580.416492462158
GB,"GradientBoostingClassifier(init=None, learning_rate=0.01, loss='deviance',
              max_depth=10, max_features=None, max_leaf_nodes=None,
              min_samples_leaf=1, min_samples_split=2,
              min_weight_fraction_leaf=0.0, n_estimators=10,
              random_state=None, subsample=0.5, verbose=0,
              warm_start=False)",0.85000613049,13587.934300422668
GB,"GradientBoostingClassifier(init=None, learning_rate=0.01, loss='deviance',
              max_depth=10, max_features=None, max_leaf_nodes=None,
              min_samples_leaf=1, min_samples_split=2,
              min_weight_fraction_leaf=0.0, n_estimators=100,
              random_state=None, subsample=0.1, verbose=0,
              warm_start=False)",0.85278853962,13630.808043718338
GB,"GradientBoostingClassifier(init=None, learning_rate=0.01, loss='deviance',
              max_depth=10, max_features=None, max_leaf_nodes=None,
              min_samples_leaf=1, min_samples_split=2,
              min_weight_fraction_leaf=0.0, n_estimators=100,
              random_state=None, subsample=0.5, verbose=0,
              warm_start=False)",0.853516416048,13708.616701602936
GB,"GradientBoostingClassifier(init=None, learning_rate=0.01, loss='deviance',
              max_depth=10, max_features=None, max_leaf_nodes=None,
              min_samples_leaf=1, min_samples_split=2,
              min_weight_fraction_leaf=0.0, n_estimators=1000,
              random_state=None, subsample=0.1, verbose=0,
              warm_start=False)",0.850892631053,14008.808332443237
GB,"GradientBoostingClassifier(init=None, learning_rate=0.01, loss='deviance',
              max_depth=10, max_features=None, max_leaf_nodes=None,
              min_samples_leaf=1, min_samples_split=2,
              min_weight_fraction_leaf=0.0, n_estimators=1000,
              random_state=None, subsample=0.5, verbose=0,
              warm_start=False)",0.853005492264,14610.43343257904
GB,"GradientBoostingClassifier(init=None, learning_rate=0.01, loss='deviance',
              max_depth=20, max_features=None, max_leaf_nodes=None,
              min_samples_leaf=1, min_samples_split=2,
              min_weight_fraction_leaf=0.0, n_estimators=1,
              random_state=None, subsample=0.1, verbose=0,
              warm_start=False)",0.539303234912,14611.287213563919
GB,"GradientBoostingClassifier(init=None, learning_rate=0.01, loss='deviance',
              max_depth=20, max_features=None, max_leaf_nodes=None,
              min_samples_leaf=1, min_samples_split=2,
              min_weight_fraction_leaf=0.0, n_estimators=1,
              random_state=None, subsample=0.5, verbose=0,
              warm_start=False)",0.597984613844,14614.378168821335
GB,"GradientBoostingClassifier(init=None, learning_rate=0.01, loss='deviance',
              max_depth=20, max_features=None, max_leaf_nodes=None,
              min_samples_leaf=1, min_samples_split=2,
              min_weight_fraction_leaf=0.0, n_estimators=10,
              random_state=None, subsample=0.1, verbose=0,
              warm_start=False)",0.796251510365,14632.985706090927
GB,"GradientBoostingClassifier(init=None, learning_rate=0.01, loss='deviance',
              max_depth=20, max_features=None, max_leaf_nodes=None,
              min_samples_leaf=1, min_samples_split=2,
              min_weight_fraction_leaf=0.0, n_estimators=10,
              random_state=None, subsample=0.5, verbose=0,
              warm_start=False)",0.805638557472,14692.187263727188
GB,"GradientBoostingClassifier(init=None, learning_rate=0.01, loss='deviance',
              max_depth=20, max_features=None, max_leaf_nodes=None,
              min_samples_leaf=1, min_samples_split=2,
              min_weight_fraction_leaf=0.0, n_estimators=100,
              random_state=None, subsample=0.1, verbose=0,
              warm_start=False)",0.839790718741,14934.807588100433
GB,"GradientBoostingClassifier(init=None, learning_rate=0.01, loss='deviance',
              max_depth=20, max_features=None, max_leaf_nodes=None,
              min_samples_leaf=1, min_samples_split=2,
              min_weight_fraction_leaf=0.0, n_estimators=100,
              random_state=None, subsample=0.5, verbose=0,
              warm_start=False)",0.838646576517,15694.709387540817
GB,"GradientBoostingClassifier(init=None, learning_rate=0.01, loss='deviance',
              max_depth=20, max_features=None, max_leaf_nodes=None,
              min_samples_leaf=1, min_samples_split=2,
              min_weight_fraction_leaf=0.0, n_estimators=1000,
              random_state=None, subsample=0.1, verbose=0,
              warm_start=False)",0.836443416854,17498.21787929535
